1,0.961,0.71,4.567,5.2,3.84,1
2,3.876,4.5,0.24,4.56,0.38,8
3,0.0,2.0,2.725,10,0.14,0
4,4.672,0.87,0.294,3.37,1.91,6
5,0.813,0.0,6.173,8.02,3.23,6
6,3.868,1.13,4.497,1.06,1.88,2
7,1.18,8.4,0.159,0.32,0.51,0
8,4.834,2.76,5.183,5.5,1.1,7
9,0.0,0.0,0,0.0,0.0,0
10,3.272,5.26,0.726,0.48,0.58,7
11,0.0,3.1,2.016,0.04,0.61,1
12,3.972,5.68,0.419,2.03,1.06,2
13,0.939,5.22,4.004,3.37,0.29,4
14,3.305,5.26,0.726,0.48,0.58,5
15,2.056,2.49,1.707,2.97,0.76,5
16,2.095,3.67,2.693,2.99,1.11,6
17,2.441,0.65,2.427,0.66,1.99,4
18,1.356,4.19,4.047,3.11,0.77,5
19,1.628,4.31,1.584,1.81,0.44,7
20,3.492,2.49,1.707,2.97,0.76,7
21,0.0,0.0,0,0.0,0.0,0
22,0.884,6.7,1.024,5.4,0.83,6
23,1.977,4.19,4.047,5.56,0.77,2
24,1.48,0.74,3.936,10,1.64,3
25,2.149,2.75,3.832,3.25,0.29,6
26,5.597,4.26,1.323,2.6,0.67,3
27,4.195,4.26,1.323,2.6,0.67,2
28,2.298,3.27,1.774,2.45,0.09,5
29,3.563,4.73,2.05,0.33,0.35,6
30,1.26,4.32,1.594,3.1,0.73,5
31,0.0,3.91,0.567,2.3,6.31,0
32,3.904,2.63,1.687,5.95,1.39,4
33,2.77,0.0,0.0,0.0,0.0,0
34,3.64,5.26,0.726,0.48,0.58,10
35,4.952,5.06,1.024,0.4,0.14,2
36,0.0,2.49,1.707,0.53,0.76,4
37,2.292,5.53,10,8.68,0.74,0
38,0.736,5.61,0.711,1.75,1.99,1
39,4.016,0.74,3.936,10,1.64,3
40,1.027,2.49,1.707,0.53,0.76,6
41,4.402,4.68,3.487,0.47,1.19,4
42,3.657,2.8,4.876,4.13,0.7,6
43,1.93,5.04,3.427,0.5,1.69,4
44,0.0,3.49,1.639,4.16,1.92,0
45,9.537,5.26,0.726,5.38,0.58,10
46,4.906,2.8,4.876,4.13,0.7,7
47,0.769,4.06,0.495,0.17,2.43,0
48,2.119,3.65,9.688,4.62,1.0,6
49,2.44,5.93,1.254,3.54,0.6,0
50,1.375,4.77,0.843,0.44,0.74,8
51,2.015,1.22,1.576,3.72,0.78,0
52,2.303,3.67,2.693,5.44,1.11,5
53,0.0,3.1,2.016,0.04,0.61,0
54,0.988,0.84,2.443,0.13,0.4,0
55,5.746,3.27,1.152,1.23,0.11,9
56,3.876,5.22,0.861,0.51,1.87,6
57,1.126,6.15,2.185,3.54,1.34,3
58,2.803,1.4,2.387,8.44,0.53,4
59,0.807,1.66,1.553,2.87,0.66,4
60,1.161,1.66,2.425,3.15,1.6,8
61,0.516,4.77,5.169,4.2,4.03,0
62,0.148,4.71,1.552,7.57,0.26,5
63,2.235,5.83,3.143,0.3,0.5,1
64,2.265,4.26,1.323,0.15,0.67,2
65,0.0,4.52,0.746,0.2,6.12,0
66,0.214,7.1,0.938,0.85,0.38,4
67,3.876,4.5,0.24,4.56,0.38,8
68,0.0,0.13,6.761,2.77,7.57,0
69,2.756,2.68,1.063,0.09,0.32,1
70,3.526,4.68,3.487,0.47,1.19,4
71,3.497,4.15,1.526,1.12,0.44,1
72,3.055,0.89,2.803,2.09,0.92,3
73,1.565,4.73,2.05,0.33,0.35,2
74,0.604,2.61,1.44,7.8,2.71,3
75,3.492,1.64,2.201,4.8,1.41,7
76,0.439,5.79,1.383,0.15,0.04,0
77,0.296,5.61,0.711,1.75,1.99,7
78,1.425,1.81,1.539,0.81,0.32,4
79,2.248,1.09,2.349,3.18,0.86,1
80,1.48,4.19,4.047,0.66,0.77,5
81,0.961,2.88,1.406,0.21,0.85,1
82,0.0,4.08,1.051,0.43,3.62,3
83,2.856,5.28,2.066,2.96,0.56,4
84,0.604,2.49,1.707,0.53,0.76,2
85,2.237,1.74,5.936,2.68,0.56,1
86,1.628,3.03,1.134,0.61,0.48,6
87,3.425,0.89,0.966,4.94,0.67,6
88,3.615,3.81,2.944,1.39,0.88,7
89,1.889,3.84,3.583,2.31,0.92,6
90,4.126,5.68,0.419,6.92,1.06,2
91,0.136,0.0,0.0,10,0.0,1
92,3.069,2.11,3.008,10,1.3,3
93,0.659,5.45,1.675,0.42,0.24,3
94,2.427,6.28,2.617,0.84,0.99,2
95,4.346,3.17,1.52,6.87,1.15,1
96,1.043,0.84,2.443,0.13,0.4,0
97,1.853,6.78,0.965,0.97,0.87,1
98,4.444,6.7,1.024,5.4,0.83,1
99,3.028,5.26,0.726,2.93,0.58,4
100,3.492,6.7,1.024,5.4,0.83,6
101,1.34,0.0,0.0,10,0.0,6
102,1.548,5.07,1.27,0.29,1.1,4
103,3.915,5.3,2.791,2.52,1.21,4
104,1.068,1.7,0.499,1.25,0.48,2
105,1.18,2.01,2.001,1.94,0.88,1
106,0.423,2.63,1.687,4.9,1.39,0
107,1.104,2.05,3.985,5.36,1.11,4
108,0.0,3.08,4.67,0.11,0.27,2
109,0.275,1.34,2.747,2.9,0.5,2
110,1.304,3.28,2.986,2.18,0.08,2
111,1.337,4.77,5.169,2.8,4.03,3
112,0.516,4.19,4.047,0.66,0.77,7
113,2.888,0.0,0.52,4.7,0.44,1
114,2.998,0.0,0.0,0.0,0.0,0
115,1.436,2.63,1.687,4.9,1.39,4
116,0.22,1.64,1.131,0.0,1.43,0
117,0.22,1.16,2.331,10,0.18,0
118,0.892,2.67,4.928,0.26,0.51,0
119,2.973,2.49,1.707,0.53,0.76,8
120,2.235,2.49,2.407,9.44,0.93,1
121,2.012,2.94,4.213,1.35,1.08,6
122,0.807,1.27,7.711,0.86,0.21,4
123,2.66,0.59,0.707,1.53,1.63,7
124,2.781,4.73,2.05,0.33,0.35,8
125,0.22,2.83,1.247,0.0,0.76,0
126,0.0,3.1,2.016,0.04,0.61,0
127,0.659,2.38,1.421,2.67,0.39,4
128,1.62,8.47,2.431,4.86,0.78,2
129,3.044,0.49,2.121,4.36,1.45,0
130,2.995,3.3,2.231,2.89,0.46,8
131,2.328,5.55,2.173,5.3,0.93,3
132,0.0,2.24,0.628,2.54,0.36,1
133,2.589,2.29,0.728,2.11,1.2,7
134,1.395,1.27,1.592,4.94,0.61,7
135,1.4,0.66,0.255,4.27,5.53,1
136,3.028,2.75,5.005,6.26,0.93,6
137,0.439,1.32,10,7.53,1.76,1
138,2.001,4.58,3.496,1.6,2.21,4
139,0.577,2.68,1.382,1.34,0.31,3
140,4.06,6.21,0.649,2.8,0.31,1
141,1.548,6.7,1.024,6.44,0.83,5
142,0.0,0.0,0,0.0,0.0,0
143,1.4,3.55,1.142,0.52,5.22,0
144,1.738,2.8,4.876,4.13,0.7,6
145,0.22,2.43,1.112,2.62,0.35,0
146,1.189,3.18,10,4.18,2.31,0
147,3.755,3.83,2.418,1.11,1.06,5
148,0.22,9.0,1.226,0.16,0.29,0
149,1.408,1.5,0.423,1.15,5.99,1
150,0.0,3.7,0.574,0.29,7.06,0
151,3.009,5.62,2.02,3.54,0.35,8
152,3.36,2.8,4.876,6.58,0.7,1
153,1.304,0.82,0.075,4.0,7.29,0
154,3.053,3.82,0.793,0.4,1.73,6
155,4.357,3.1,3.287,4.69,0.54,6
156,0.453,0.0,0.0,10,0.0,0
157,0.752,2.63,2.067,0.18,0.39,5
158,3.195,1.83,0.223,0.5,0.19,1
159,0.892,0.08,0.119,0.4,2.64,1
160,3.495,2.29,0.711,0.28,0.33,8
161,4.164,1.27,0.931,1.2,0.77,6
162,1.477,4.51,0.759,0.49,0.36,6
163,4.881,5.22,0.861,0.51,1.87,3
164,0.22,5.46,0.156,0.11,2.93,0
165,0.439,3.27,1.152,1.23,0.11,2
166,2.311,5.26,0.726,0.48,0.58,7
167,0.604,5.33,1.125,4.99,0.66,1
168,3.937,1.85,0.195,0.88,2.26,0
169,1.62,6.28,2.617,0.84,0.99,2
170,2.023,1.27,0.931,1.2,0.77,7
171,1.62,5.06,1.024,2.84,0.14,1
172,2.589,4.06,0.693,0.18,0.3,7
173,3.083,4.73,2.05,0.33,0.35,5
174,0.604,3.49,1.639,4.16,1.92,0
175,4.55,2.8,4.876,4.13,0.7,6
176,0.0,5.93,0.293,0.23,4.08,0
177,1.277,1.22,1.576,3.72,0.78,0
178,2.37,0.41,4.687,2.76,7.89,0
179,2.292,1.46,1.548,0.45,0.27,1
180,0.22,3.82,5.108,0.15,0.17,1
181,1.62,5.75,1.69,0.95,0.7,1
182,1.304,1.14,0.072,0.59,4.01,1
183,0.0,3.91,0.567,2.3,6.31,0
184,2.152,0.23,10,5.51,2.17,3
185,1.757,1.35,1.018,0.25,0.18,1
186,1.741,1.51,4.716,0.38,0.99,1
187,3.92,2.49,1.707,0.53,0.76,5
188,0.865,0.08,0.0,0.34,0.1,0
189,0.439,2.49,1.707,0.53,0.76,3
190,3.832,2.48,2.425,8.96,0.56,6
191,0.132,2.85,3.681,6.74,3.04,0
192,5.197,2.0,0.095,1.28,0.86,4
193,2.537,2.64,2.292,3.8,2.83,1
194,2.438,0.08,0.0,0.34,0.1,1
195,0.0,0.0,0,0.0,0.0,0
196,0.013,0.0,0.0,0.0,0.0,0
197,0.659,1.07,0.037,7.4,6.53,0
198,0.0,2.47,0.731,3.03,0.3,2
199,0.955,2.68,6.509,3.83,1.18,7
200,3.712,3.3,2.231,1.84,0.46,5
201,3.025,6.19,2.061,4.37,0.97,6
202,0.0,5.9,0.103,0.4,0.14,0
203,0.132,1.94,3.632,1.59,2.93,0
204,2.018,3.22,5.796,3.93,0.56,0
205,0.892,3.83,2.418,1.11,1.06,0
206,3.926,0.43,0.964,0.65,0.51,1
207,4.697,2.49,1.707,2.97,0.76,10
208,4.889,3.54,0.468,3.13,0.36,10
209,0.516,0.74,3.936,10,1.64,6
210,3.497,5.93,1.254,3.54,0.6,1
211,1.636,3.74,1.199,10,0.32,8
212,4.357,7.79,1.713,2.81,1.1,6
213,0.0,2.49,1.707,0.53,0.76,3
214,4.025,0.89,2.803,4.53,0.92,9
215,1.18,2.81,1.836,4.27,0.21,0
216,0.0,2.63,1.687,7.35,1.39,0
217,0.0,0.0,0,0.0,0.0,0
218,2.504,4.19,4.047,0.66,0.77,7
219,0.961,1.96,1.508,0.57,0.21,0
220,0.769,1.56,0.719,0.3,0.87,1
221,4.357,5.06,1.024,0.4,0.14,6
222,0.384,2.76,0.439,5.94,6.25,5
223,0.516,4.77,5.169,1.75,4.03,0
224,0.0,4.26,1.323,2.6,0.67,1
225,1.771,4.86,1.071,1.28,0.51,9
226,2.015,7.42,2.79,0.4,0.07,1
227,1.032,3.69,10,3.97,2.35,6
228,3.684,0.89,2.803,2.09,0.92,6
229,2.808,2.28,4.267,2.74,0.27,6
230,0.865,0.26,0.908,0.59,0.38,2
231,0.0,1.74,3.033,4.99,1.27,1
232,2.835,0.0,0.0,0.0,0.0,6
233,3.099,2.49,1.707,2.97,0.76,3
234,0.0,2.47,2.511,2.72,0.67,1
235,4.834,6.7,1.024,5.4,0.83,10
236,0.22,0.0,0.0,0.0,0.0,0
237,3.415,0.67,0.114,3.22,5.69,2
238,0.571,6.18,2.402,4.49,0.52,4
239,0.0,0.67,0.114,3.22,5.69,1
240,0.0,3.91,0.567,2.3,6.31,0
241,1.2,1.72,1.839,1.38,1.01,6
242,1.043,6.9,1.276,3.53,0.1,3
243,2.976,1.13,4.497,1.06,1.88,1
244,1.82,3.27,1.152,3.68,0.11,7
245,0.0,3.91,0.567,2.3,6.31,0
246,0.0,0.0,0.0,10,0.0,0
247,4.318,2.24,0.745,0.63,0.23,2
248,1.573,1.22,1.576,3.72,0.78,6
249,3.108,2.0,0.486,0.29,0.11,4
250,1.34,3.96,4.518,3.09,0.09,7
251,2.825,5.37,0.339,2.8,0.6,4
252,0.0,1.1,0.976,2.57,0.24,3
253,0.0,0.0,0,2.45,0.0,0
254,3.876,4.15,0.827,7.68,0.15,7
255,3.728,3.44,2.117,1.28,0.39,3
256,3.798,2.84,5.23,4.73,1.44,3
257,3.657,2.8,4.876,4.13,0.7,7
258,2.891,4.92,6.485,0.84,0.53,4
259,1.577,0.0,0.0,10,0.0,1
260,0.0,2.47,0.09,0.24,6.1,0
261,3.544,4.55,1.35,0.61,0.33,10
262,1.332,2.33,1.036,0.97,1.18,1
263,0.22,4.26,1.323,5.04,0.67,1
264,0.0,0.0,0,2.45,0.0,0
265,3.445,6.25,1.606,2.8,0.26,3
266,0.0,5.97,1.193,0.07,4.37,0
267,3.226,4.83,0.855,1.93,4.67,0
268,2.88,3.1,2.016,0.04,0.61,1
269,0.233,2.63,1.274,3.09,0.34,0
270,0.0,2.49,1.707,2.97,0.76,2
271,1.452,3.48,2.594,2.45,2.23,1
272,1.18,4.65,2.843,0.18,0.0,2
273,0.0,7.1,0.938,0.85,0.38,0
274,1.768,0.56,1.094,0.67,2.31,4
275,4.593,7.02,1.371,2.21,1.39,3
276,0.0,3.91,0.567,2.3,6.31,0
277,0.769,4.46,0.329,0.11,5.12,0
278,0.0,0.0,0,0.0,0.0,0
279,2.383,6.99,0.745,2.24,0.94,3
280,2.977,4.12,5.943,2.37,1.48,0
281,0.736,1.1,0.226,5.5,5.44,6
282,0.0,0.0,0,0.0,0.0,0
283,1.112,2.58,2.18,3.92,0.3,2
284,2.204,1.84,0.805,2.64,0.14,7
285,0.673,5.98,4.179,3.6,0.73,0
286,0.22,2.18,10,0.0,0.3,0
287,0.892,3.1,2.016,0.04,0.61,0
288,2.369,3.1,3.287,4.69,0.54,6
289,1.524,3.67,0.599,1.89,0.36,1
290,0.0,0.0,0,0.0,0.0,0
291,0.502,0.0,0.0,0.0,0.0,0
292,1.908,2.49,1.707,2.97,0.76,2
293,2.523,2.8,4.241,3.78,1.18,2
294,0.868,0.0,0.0,10,0.0,0
295,0.439,5.84,1.315,1.15,1.7,1
296,3.377,4.1,2.1,5.29,0.26,2
297,1.699,1.75,3.709,4.02,1.02,5
298,2.133,2.49,1.707,0.53,0.76,5
299,3.453,4.55,2.403,6.56,0.22,7
300,1.721,0.0,0.0,0.0,0.0,9
301,2.468,3.58,1.506,0.7,2.35,1
302,0.0,4.2,2.947,2.72,0.69,1
303,3.033,4.3,1.942,0.26,3.76,2
304,1.864,1.74,3.942,10,1.35,3
305,4.524,1.13,0.708,1.2,1.21,1
306,4.829,4.52,2.658,2.89,0.35,2
307,2.498,4.33,0.59,0.4,3.77,0
308,0.703,5.68,0.419,2.03,1.06,8
309,2.237,2.12,0.15,9.54,1.22,1
310,0.582,2.84,1.93,5.35,0.91,0
311,4.53,6.31,1.407,3.65,0.4,7
312,0.604,4.04,1.454,0.44,0.64,1
313,0.0,1.94,1.825,8.63,5.33,0
314,2.682,4.38,3.488,4.08,0.32,10
315,1.768,4.12,2.564,1.54,0.78,6
316,1.312,1.9,10,3.1,3.74,0
317,1.4,4.8,6.179,0.43,0.06,2
318,0.0,4.04,0.429,4.39,6.71,0
319,2.184,1.66,3.733,4.08,0.75,4
320,2.136,3.71,2.225,7.24,1.3,6
321,3.416,2.24,2.078,4.93,0.26,1
322,2.152,3.02,10,3.4,2.82,3
323,3.636,6.2,0.058,1.97,0.52,7
324,3.168,2.21,1.001,0.59,1.53,0
325,2.534,3.64,0.309,2.51,0.53,7
326,1.864,5.51,3.025,7.86,0.61,1
327,3.138,3.3,6.366,5.23,0.71,4
328,1.62,6.1,0.868,0.16,0.07,3
329,1.18,7.16,2.305,0.52,0.07,2
330,0.395,4.59,0.463,0.67,0.71,1
331,1.661,2.4,0.68,2.87,0.49,2
332,0.0,6.76,0.092,2.48,4.06,0
333,4.829,0.14,3.53,2.57,1.42,1
334,3.11,5.88,3.583,0.97,0.29,4
335,0.0,4.6,1.167,1.13,1.72,2
336,0.439,4.97,0.514,0.11,0.14,0
337,0.804,0.0,0.0,0.0,0.0,1
338,2.235,2.78,1.448,1.94,3.02,0
339,2.8,1.41,1.374,10,0.39,3
340,3.74,1.82,0.219,6.9,4.68,3
341,0.769,2.2,0.068,0.14,1.88,0
342,1.524,0.59,0.675,3.81,0.26,3
343,1.26,2.5,10,7.34,0.34,3
344,3.602,6.4,2.526,0.72,1.64,9
345,4.265,0.77,10,0.6,0.93,1
346,2.604,1.16,1.166,2.8,0.15,3
347,1.699,5.29,2.237,0.59,0.72,5
348,0.769,6.1,0.396,0.07,4.56,0
349,1.304,1.38,1.337,3.62,3.17,1
350,0.78,2.49,1.707,0.53,0.76,2
351,3.552,2.0,0.0,2.79,2.61,1
352,3.453,4.51,0.673,4.05,0.7,6
353,5.813,4.15,1.526,1.12,0.44,3
354,2.468,7.42,2.79,0.4,0.07,1
355,0.0,3.91,0.567,2.3,6.31,0
356,0.132,0.02,5.477,4.76,0.26,1
357,1.794,2.82,0.674,0.07,0.18,0
358,2.8,4.19,4.047,8.0,0.77,10
359,2.18,4.44,2.459,3.17,2.8,1
360,4.376,3.54,0.468,5.57,0.36,2
361,0.0,4.26,1.323,0.15,0.67,1
362,2.401,1.28,2.265,0.96,0.22,0
363,1.853,4.37,1.323,0.0,0.13,1
364,2.814,1.93,3.493,7.26,0.49,0
365,4.37,2.29,0.165,2.23,0.49,1
366,0.0,3.86,1.798,1.22,0.87,0
367,3.717,4.66,2.624,0.91,1.09,4
368,4.326,5.74,0.914,2.97,0.26,8
369,0.673,3.91,0.567,2.3,6.31,0
370,1.123,1.15,5.23,2.78,0.57,1
371,0.0,0.0,0,0.0,0.0,0
372,2.468,3.96,1.7,9.54,0.41,0
373,0.604,5.28,2.146,6.33,0.41,2
374,1.853,8.4,0.159,0.32,0.51,0
375,2.523,2.76,5.183,5.5,1.1,0
376,1.189,4.63,5.945,1.34,3.84,0
377,0.0,0.0,0,0.0,0.0,0
378,1.628,1.45,2.653,3.14,1.15,6
379,3.19,5.68,0.419,2.03,1.06,4
380,3.722,2.63,1.687,4.9,1.39,4
381,0.0,5.25,0.563,3.91,5.39,0
382,4.068,2.12,0.15,7.09,1.22,7
383,4.236,0.08,0.06,0.49,2.83,3
384,3.563,3.42,5.575,6.83,0.47,6
385,2.306,2.11,3.008,10,1.3,0
386,0.0,3.16,0.115,0.78,4.8,0
387,0.0,2.19,1.74,0.0,0.69,0
388,3.272,2.06,0.599,0.48,3.3,7
389,2.355,0.89,2.803,4.53,0.92,1
390,0.132,3.36,2.137,3.71,2.12,0
391,0.22,6.47,1.235,0.5,0.67,0
392,2.056,3.29,4.045,1.83,3.94,0
393,0.0,3.06,0.865,2.8,0.79,0
394,0.0,4.34,1.533,0.87,0.58,1
395,0.22,3.64,2.624,0.34,0.86,1
396,2.181,4.17,2.562,9.92,1.14,0
397,4.718,0.86,2.009,6.37,1.02,1
398,2.526,3.31,4.548,2.89,2.38,1
399,1.469,2.43,5.3,0.55,2.24,3
400,1.246,2.07,1.418,10,0.77,0
401,2.182,3.83,0.4,10,0.44,7
402,1.633,2.46,3.076,6.23,0.7,2
403,5.611,1.91,2.451,0.14,0.17,4
404,3.102,1.9,4.767,2.84,0.5,0
405,3.253,1.26,0.829,5.02,1.55,2
406,0.807,2.65,1.678,0.21,0.43,5
407,0.439,6.94,0.118,8.94,1.4,2
408,0.769,3.13,1.953,0.08,0.32,5
409,0.961,2.39,0.0,0.0,5.91,0
410,1.757,2.46,6.385,6.66,0.92,0
411,0.874,0.0,0.0,10,0.0,0
412,0.673,1.74,0.983,2.89,0.72,0
413,1.257,4.34,2.281,4.03,1.77,6
414,0.0,2.33,1.142,5.77,0.58,1
415,1.134,3.56,4.108,10,0.34,6
416,2.265,3.27,1.71,0.18,0.31,1
417,2.619,2.39,1.79,2.9,0.42,2
418,2.758,3.27,1.71,0.18,0.31,0
419,2.207,2.67,4.928,0.26,0.51,2
420,0.673,3.98,4.46,8.73,4.06,0
421,1.802,0.95,1.614,0.88,4.8,0
422,3.497,7.55,1.72,1.06,1.16,5
423,0.0,2.4,1.859,3.02,1.23,2
424,3.937,1.56,0.214,0.83,1.34,1
425,1.853,4.15,1.526,1.12,0.44,1
426,2.073,3.96,0.768,5.05,0.6,2
427,2.484,2.83,1.301,1.14,0.34,0
428,2.941,2.63,1.687,7.35,1.39,6
429,2.163,4.4,4.251,5.03,0.61,3
430,1.307,0.0,0.0,10,0.0,1
431,0.0,0.0,0,0.0,0.0,0
432,4.606,3.27,1.152,1.23,0.11,7
433,4.837,1.13,4.497,1.06,1.88,8
434,2.959,2.43,2.61,3.02,0.26,3
435,3.492,5.22,0.861,0.51,1.87,6
436,0.0,5.22,0.861,0.51,1.87,0
437,1.049,4.81,1.934,0.32,2.08,9
438,1.491,4.81,1.934,0.32,2.08,7
439,3.492,3.42,5.575,4.38,0.47,9
440,2.578,5.06,1.024,0.4,0.14,1
441,2.435,2.19,1.194,6.47,0.34,1
442,3.981,3.38,1.629,0.47,0.37,1
443,6.599,1.96,1.954,7.74,0.79,1
444,0.582,1.44,6.212,1.5,4.35,0
445,0.0,3.05,0.0,0.0,4.47,0
446,0.0,0.0,0,0.0,0.0,0
447,1.537,2.89,3.145,8.2,1.69,1
448,0.769,4.52,0.746,0.2,6.12,0
449,3.946,3.0,2.883,2.6,1.79,6
450,0.0,0.52,1.668,2.63,7.93,0
451,0.673,5.2,3.198,0.22,1.01,0
452,0.0,3.75,2.861,1.44,1.59,0
453,0.673,0.0,0.0,3.11,6.28,0
454,0.0,2.87,0.527,0.16,4.97,3
455,0.296,0.0,5.378,6.45,4.7,6
456,1.716,5.16,2.131,2.67,0.23,2
457,2.442,7.48,3.705,0.8,0.62,6
458,0.368,5.38,1.49,1.48,0.68,4
459,2.119,0.78,7.249,1.03,0.62,6
460,1.452,3.18,4.555,0.61,0.39,4
461,3.648,0.0,0.0,2.45,0.0,3
462,2.792,1.82,1.167,3.01,3.49,2
463,1.754,1.13,1.177,2.28,1.01,2
464,2.016,5.4,2.311,3.53,0.61,0
465,0.0,2.75,0.278,2.56,8.61,0
466,3.492,5.11,0.919,1.0,0.57,8
467,0.892,1.6,0.859,0.39,0.57,0
468,3.893,4.34,1.689,1.81,0.16,2
469,3.541,3.07,4.144,0.4,0.77,1
470,2.44,5.93,1.254,3.54,0.6,1
471,0.862,0.71,4.567,5.2,3.84,1
472,2.268,2.63,1.687,4.9,1.39,6
473,0.0,0.0,0,0.0,0.0,0
474,0.637,5.68,0.419,2.03,1.06,8
475,6.627,5.55,1.391,0.94,1.5,0
476,2.084,2.68,2.308,3.33,0.38,3
477,3.879,5.79,0.699,3.54,1.84,1
478,0.994,3.08,4.67,0.11,0.27,10
479,2.907,6.7,1.024,7.84,0.83,3
480,3.492,2.1,3.644,3.95,0.65,6
481,1.26,4.19,4.047,3.11,0.77,5
482,4.741,5.22,0.861,2.95,1.87,6
483,0.0,0.0,0,0.0,0.0,0
484,4.052,2.63,1.687,4.9,1.39,7
485,3.198,7.85,2.533,1.67,0.38,0
486,0.813,0.0,6.173,9.07,3.23,6
487,2.015,0.0,6.173,5.58,3.23,1
488,3.14,6.44,2.683,10,0.42,1
489,2.292,3.26,0.74,5.32,0.15,2
490,3.945,2.73,4.107,0.8,0.45,8
491,3.157,3.27,1.152,3.68,0.11,2
492,3.399,4.4,5.824,1.81,3.5,1
493,2.806,2.91,3.316,3.74,0.94,6
494,0.892,5.49,7.806,1.01,0.73,3
495,0.659,0.93,0.127,4.17,1.68,0
496,1.191,0.93,0.127,1.73,1.68,4
497,1.189,4.89,3.841,1.74,3.78,0
498,1.99,2.85,2.541,3.38,0.24,2
499,0.865,6.68,0.248,0.09,3.98,1
500,1.716,3.52,1.094,1.85,1.42,1
501,0.604,0.97,0.474,10,6.05,1
502,2.147,5.06,1.024,0.4,0.14,1
503,4.256,1.65,6.159,3.94,0.27,4
504,1.647,0.84,1.117,3.17,5.42,1
505,3.453,2.48,0.645,0.51,0.06,7
506,0.0,0.0,0,0.0,0.0,0
507,3.207,0.0,0.0,10,0.0,1
508,3.65,4.53,1.331,0.19,0.38,1
509,3.014,2.53,2.536,0.4,1.53,6
510,3.492,3.61,1.211,4.09,1.26,9
511,0.003,0.0,0.0,10,0.0,0
512,4.505,3.86,3.545,4.37,2.11,0
513,0.0,0.0,0,0.0,0.0,0
514,5.069,3.61,1.983,1.58,0.77,6
515,4.678,4.34,1.96,2.24,0.59,2
516,2.493,4.19,4.047,0.66,0.77,8
517,3.113,7.27,1.584,0.6,0.27,5
518,2.328,1.34,1.031,9.98,0.24,1
519,0.003,0.0,0.0,10,0.0,0
520,0.801,0.0,0.0,10,0.0,0
521,1.4,3.98,0.818,0.18,0.57,0
522,0.719,1.1,0.226,5.5,5.44,6
523,1.889,0.0,0.0,0.0,0.0,1
524,2.141,1.96,2.553,8.24,0.38,0
525,3.195,4.67,6.942,0.97,1.07,2
526,0.22,1.0,1.045,0.26,0.14,0
527,0.988,1.36,0.099,0.16,4.54,0
528,0.0,0.0,0.0,1.8,7.91,0
529,0.0,3.32,0.093,0.25,6.91,0
530,1.112,1.43,10,1.27,1.04,0
531,0.9,2.85,1.155,3.13,0.68,1
532,2.8,3.21,0.69,0.18,0.49,4
533,0.0,0.0,0,2.45,0.0,0
534,3.205,2.74,4.743,10,2.45,1
535,0.769,4.12,0.07,0.19,4.87,0
536,0.0,3.05,0.0,0.0,4.47,0
537,2.306,2.36,1.183,2.19,1.22,0
538,2.689,1.96,1.704,2.72,0.27,1
539,3.869,2.41,2.08,3.28,2.15,0
540,3.036,8.49,1.249,6.93,0.6,1
541,1.62,0.0,0.0,0.0,0.0,0
542,2.303,3.5,5.561,5.46,1.71,0
543,5.128,0.85,1.954,4.21,0.54,5
544,0.0,0.0,0,0.0,0.0,0
545,1.189,4.11,2.728,1.42,2.26,0
546,1.123,1.81,0.807,2.49,0.89,1
547,0.214,4.78,0.984,0.07,1.16,0
548,2.292,0.86,6.483,10,1.28,1
549,0.752,0.86,6.483,10,1.28,4
550,2.001,5.68,0.419,4.47,1.06,3
551,3.239,0.0,0.0,10,0.0,6
552,1.746,0.0,0.0,0.0,0.0,4
553,3.6,4.72,1.155,0.57,0.08,6
554,0.0,5.35,1.721,10,1.15,0
555,0.434,2.63,0.674,1.04,0.26,3
556,0.0,4.3,4.356,2.67,1.3,0
557,1.935,3.51,2.076,4.3,0.41,1
558,1.795,3.51,2.076,0.8,0.41,0
559,1.189,4.11,2.728,1.42,2.26,0
560,4.055,4.19,4.047,3.11,0.77,10
561,2.888,3.83,2.418,1.11,1.06,1
562,0.865,4.06,0.495,0.17,2.43,0
563,0.22,7.24,1.725,10,0.75,0
564,1.304,2.95,5.672,0.47,3.32,1
565,0.659,4.02,1.834,3.92,1.42,4
566,0.0,2.0,2.725,10,0.14,0
567,5.276,1.92,0.787,1.12,2.0,4
568,4.434,1.92,0.787,1.12,2.0,2
569,0.0,5.46,0.156,0.11,2.93,0
570,0.988,5.46,0.156,0.11,2.93,0
571,0.516,4.03,3.474,1.03,0.65,7
572,3.382,4.54,0.977,4.62,0.25,5
573,3.558,5.41,0.939,1.09,0.33,6
574,1.304,0.0,0.0,10,0.0,0
575,0.955,0.0,0.846,3.86,7.97,6
576,1.916,3.85,1.001,1.51,0.12,6
577,3.341,5.26,0.726,0.48,0.58,7
578,2.292,3.41,6.271,0.59,0.41,1
579,3.64,3.41,6.271,0.59,0.41,9
580,0.0,0.0,0,0.0,0.0,0
581,1.112,2.03,0.092,0.25,0.47,0
582,0.9,4.17,2.951,5.86,0.62,8
583,3.445,7.78,0.728,0.31,2.85,0
584,0.0,3.7,0.574,0.29,7.06,0
585,1.304,3.91,0.567,2.3,6.31,0
586,2.084,2.87,1.871,3.02,0.95,2
587,1.208,1.16,4.446,2.43,0.79,3
588,4.031,0.87,0.294,5.82,1.91,1
589,4.034,4.09,1.63,0.51,0.35,0
590,2.476,2.13,5.431,7.24,0.36,1
591,4.328,1.27,0.931,2.25,0.77,6
592,3.613,3.27,10,2.73,0.9,8
593,3.195,2.05,1.203,7.37,0.29,5
594,5.954,2.05,1.203,7.37,0.29,2
595,2.57,3.27,1.152,6.13,0.11,10
596,0.903,5.06,1.024,0.4,0.14,0
597,2.814,7.21,1.185,3.21,0.53,0
598,0.0,0.0,0,0.0,0.0,0
599,0.736,3.67,0.599,6.79,0.36,1
600,0.22,3.45,0.867,0.26,5.38,0
601,0.0,5.64,2.855,0.45,1.66,1
602,0.0,2.63,1.687,7.35,1.39,0
603,1.771,4.57,0.744,3.21,2.49,1
604,2.073,5.29,0.074,0.05,4.08,0
605,4.414,4.1,2.1,2.84,0.26,7
606,1.62,0.4,0.041,3.94,6.26,1
607,0.673,0.79,7.489,5.07,0.82,1
608,0.439,1.22,0.056,1.53,4.83,0
609,0.368,2.36,1.183,2.19,1.22,3
610,0.0,1.69,2.922,3.05,2.76,0
611,0.0,1.39,1.226,3.96,3.64,0
612,0.892,2.81,1.836,4.27,0.21,0
613,1.304,0.37,0.023,4.04,8.45,0
614,4.784,1.82,0.219,6.9,4.68,0
615,2.177,3.27,1.152,1.23,0.11,3
616,0.22,4.18,1.268,0.16,4.32,0
617,1.628,1.1,0.226,3.06,5.44,5
618,2.973,0.46,0.86,2.8,2.01,6
619,3.621,2.87,1.739,6.15,1.17,2
620,2.056,5.67,0.733,0.79,0.22,5
621,1.304,0.37,0.023,8.93,8.45,0
622,0.673,0.68,3.651,0.32,5.34,0
623,0.673,4.34,1.357,3.06,0.68,1
624,2.689,2.49,1.259,0.49,0.56,0
625,2.141,2.24,0.748,0.94,0.34,0
626,0.0,3.96,0.411,0.19,5.31,0
627,2.143,0.0,0.0,10,0.0,0
628,0.0,0.0,0,2.45,0.0,0
629,2.977,3.63,2.992,3.54,0.24,1
630,3.65,6.35,1.811,0.19,0.41,0
631,1.795,1.69,1.974,0.54,1.76,1
632,2.756,1.69,1.974,0.54,1.76,0
633,0.0,2.26,0.113,0.08,5.96,0
634,4.236,3.31,1.314,1.46,0.64,4
635,5.522,2.11,1.647,8.19,0.69,6
636,2.697,1.98,0.399,5.4,2.51,5
637,0.0,0.0,0,0.0,0.0,0
638,1.916,3.82,0.793,0.4,1.73,6
639,0.22,6.22,0.215,0.0,1.42,0
640,0.0,5.86,3.663,10,0.84,6
641,1.112,3.1,10,4.42,4.1,0
642,0.0,0.0,0,0.0,0.0,0
643,0.0,5.28,0.0,0.0,7.64,0
644,4.089,2.07,1.822,5.35,0.39,1
645,3.65,1.34,1.882,1.21,1.34,0
646,4.322,3.57,4.247,0.74,2.74,0
647,0.0,4.14,0.128,0.07,4.22,0
648,2.313,4.24,4.307,2.92,0.87,6
649,4.17,1.85,0.195,0.88,2.26,1
650,0.903,6.33,0.296,0.11,4.25,0
651,2.589,0.38,1.074,6.6,0.85,6
652,0.0,5.24,1.989,2.67,0.25,0
653,3.865,5.24,1.989,0.22,0.25,3
654,0.494,5.46,2.706,0.52,4.56,1
655,0.247,4.0,0.762,1.72,2.55,1
656,2.292,2.84,2.205,10,4.21,1
657,0.082,3.1,3.287,8.18,0.54,0
658,0.0,2.06,0.232,0.07,2.68,0
659,3.132,0.89,6.973,1.21,5.36,9
660,5.249,0.89,6.973,1.21,5.36,7
661,4.167,0.89,6.973,3.66,5.36,2
662,0.892,0.14,3.53,0.12,1.42,0
663,1.112,0.14,3.53,0.12,1.42,0
664,0.22,2.0,2.725,10,0.14,1
665,3.319,1.01,1.413,1.66,0.25,1
666,1.853,6.81,3.419,0.23,1.51,0
667,0.22,2.87,0.527,0.16,4.97,3
668,0.0,0.0,0,0.0,0.0,0
669,1.716,4.15,1.526,1.12,0.44,1
670,0.0,0.0,0,4.9,0.0,0
671,4.939,2.11,3.008,10,1.3,0
672,4.06,2.11,3.008,10,1.3,1
673,0.0,4.52,0.504,0.17,6.23,0
674,2.852,2.63,1.294,1.17,0.42,4
675,1.581,5.68,0.419,4.47,1.06,9
676,0.132,4.43,0.761,0.52,3.78,0
677,2.141,3.47,1.889,2.72,0.1,0
678,0.955,2.02,1.617,1.83,0.57,7
679,3.157,4.73,2.05,0.33,0.35,3
680,0.736,4.73,2.05,0.33,0.35,1
681,2.32,2.63,0.809,2.67,0.28,1
682,4.428,3.61,1.211,1.64,1.26,6
683,4.309,0.0,0.0,0.0,0.0,1
684,2.851,1.45,3.35,5.28,0.28,0
685,1.537,1.34,1.106,1.1,1.64,0
686,3.481,0.0,0.0,10,0.0,1
687,0.0,0.0,0,2.45,0.0,0
688,3.289,3.03,0.91,0.54,0.05,6
689,0.659,4.04,1.081,3.45,0.74,0
690,0.0,0.0,0,2.45,0.0,0
691,3.55,2.41,8.503,9.81,0.76,6
692,4.615,2.41,8.503,9.81,0.76,6
693,3.712,2.41,8.503,9.81,0.76,6
694,0.807,3.21,3.959,5.93,1.07,4
695,3.399,1.34,1.031,9.98,0.24,1
696,1.409,0.0,0.0,0.0,0.0,1
697,2.781,5.41,0.939,1.09,0.33,7
698,3.492,2.12,0.15,8.14,1.22,6
699,1.864,4.16,1.437,2.59,0.44,1
700,2.361,1.46,3.49,3.74,1.17,1
701,1.084,6.05,2.054,0.09,0.79,0
702,0.395,5.52,4.358,3.54,0.64,1
703,0.878,2.27,0.86,3.82,1.99,0
704,2.386,5.22,0.861,0.51,1.87,3
705,1.043,5.24,3.657,1.13,0.54,1
706,0.659,2.94,0.994,0.47,0.29,2
707,0.22,4.19,4.047,0.66,0.77,2
708,0.0,2.22,1.131,0.83,0.13,1
709,2.119,3.16,10,10,1.15,6
710,0.286,2.65,1.014,0.98,0.26,2
711,1.18,6.67,5.559,0.44,0.46,0
712,0.652,3.27,3.615,4.67,3.04,1
713,0.0,1.43,0.0,0.0,7.26,0
714,0.22,1.43,0.0,0.0,7.26,0
715,1.18,4.97,0.577,0.05,2.24,0
716,0.0,0.0,0,0.0,0.0,0
717,2.929,3.87,3.387,3.15,0.33,10
718,0.0,0.0,0,2.45,0.0,0
719,2.977,4.62,3.376,10,2.31,0
720,1.257,0.0,0.0,2.45,0.0,0
721,2.52,2.63,1.687,5.95,1.39,4
722,3.278,2.09,1.066,5.23,0.65,1
723,2.273,1.1,0.226,5.5,5.44,5
724,0.0,1.1,0.226,7.95,5.44,1
725,2.55,4.16,3.652,0.56,0.17,2
726,1.123,2.63,1.687,4.9,1.39,2
727,2.237,2.63,1.687,4.9,1.39,0
728,0.0,6.29,0.41,3.77,0.89,1
729,2.526,4.75,0.79,0.84,0.37,2
730,4.225,4.52,1.054,3.57,1.52,0
731,2.44,1.74,3.942,10,1.35,3
732,3.712,3.17,2.729,5.19,0.99,9
733,1.4,3.17,2.729,5.19,0.99,1
734,0.0,0.0,0,0.0,0.0,0
735,1.329,1.82,2.838,0.17,0.48,3
736,2.289,4.14,1.708,6.31,2.14,3
737,3.673,4.14,1.708,8.76,2.14,7
738,0.275,5.44,0.901,2.64,0.05,0
739,0.275,5.44,0.901,0.19,0.05,1
740,0.0,5.44,0.901,0.19,0.05,0
741,4.678,1.5,1.643,3.37,0.35,1
742,3.492,1.5,1.643,3.37,0.35,6
743,4.934,1.5,1.643,3.37,0.35,1
744,4.395,2.35,2.205,3.22,0.26,7
745,3.492,2.35,2.205,3.22,0.26,6
746,5.136,3.7,2.139,6.9,0.7,6
747,4.337,0.0,0.0,2.45,0.0,0
748,4.541,0.0,0.0,0.0,0.0,4
749,2.004,0.92,1.307,3.34,1.4,1
750,2.292,1.07,2.656,5.45,0.31,1
751,2.814,1.07,2.656,3.0,0.31,0
752,2.292,1.07,2.656,5.45,0.31,1
753,0.0,4.77,1.468,0.0,1.13,0
754,0.439,4.77,1.468,0.0,1.13,0
755,0.0,4.77,1.468,0.0,1.13,0
756,0.865,1.27,0.571,3.11,7.88,0
757,1.084,1.27,0.571,0.66,7.88,0
758,0.865,1.27,0.571,3.11,7.88,0
759,1.355,2.63,7.287,3.99,0.3,5
760,0.0,0.0,0,0.0,0.0,0
761,0.837,5.72,1.934,0.66,1.52,4
762,0.0,5.88,3.961,0.21,0.0,6
763,0.865,0.02,5.129,5.92,1.73,0
764,0.0,0.02,5.129,5.92,1.73,0
765,0.0,0.02,5.129,5.92,1.73,0
766,1.688,1.59,1.929,0.99,0.94,1
767,2.045,3.38,4.336,5.51,1.11,1
768,1.353,4.7,4.537,5.55,1.44,6
769,2.011,0.89,0.735,2.9,1.31,3
770,4.589,0.89,0.735,2.9,1.31,1
771,3.864,0.89,0.735,2.9,1.31,3
772,1.191,2.08,1.129,1.09,3.36,0
773,0.769,2.08,1.129,2.14,3.36,3
774,0.22,2.08,1.129,2.14,3.36,3
775,0.0,5.47,1.114,4.02,4.44,3
776,0.0,5.47,1.114,1.57,4.44,4
777,0.0,5.47,1.114,1.57,4.44,3
778,0.22,0.16,2.146,0.0,0.18,0
779,0.0,4.08,1.051,0.43,3.62,3
780,1.908,1.72,1.376,6.89,2.16,0
781,1.565,2.5,3.684,10,0.68,1
782,0.961,5.7,3.83,4.51,1.01,2
783,0.0,0.0,0,0.0,0.0,0
784,1.087,2.87,3.384,4.03,0.28,4
785,3.706,1.69,1.363,0.09,0.3,0
786,0.659,3.73,6.884,0.86,0.51,3
787,0.22,2.42,1.515,0.0,4.84,0
788,0.423,2.42,1.515,0.0,4.84,3
789,0.22,3.17,1.726,1.08,4.88,3
790,0.0,6.29,2.729,0.05,0.05,0
791,2.007,3.42,2.491,0.13,0.05,7
792,0.604,3.42,2.491,0.13,0.05,3
793,1.109,3.96,1.965,0.47,0.23,4
794,1.399,1.85,1.663,8.25,0.42,7
795,1.812,3.49,1.589,5.52,0.1,2
796,2.141,5.02,2.446,1.05,0.0,0
797,2.814,5.59,1.086,0.15,0.23,0
798,2.689,6.68,3.477,0.0,0.14,0
799,0.961,6.75,2.187,10,0.24,0
800,0.0,5.98,1.544,0.16,0.64,2
801,0.0,0.0,0,0.0,0.0,0
802,0.0,4.88,2.187,0.0,0.2,2
803,0.0,4.25,2.651,0.15,0.41,5
804,2.317,5.38,3.366,0.55,0.61,5
805,0.0,6.13,2.071,0.0,0.29,1
806,0.0,6.13,2.071,0.0,0.29,0
807,0.0,6.13,2.071,0.0,0.29,1
808,2.237,3.54,3.007,1.14,0.42,4
809,0.0,6.82,2.845,0.27,0.45,4
810,2.237,3.54,3.007,1.14,0.42,4
811,0.0,4.52,2.943,0.0,0.29,0
812,0.0,4.52,2.943,0.0,0.29,6
813,0.0,4.52,2.943,0.0,0.29,3
814,0.78,4.18,10,0.65,0.26,2
815,1.18,2.67,1.643,1.25,0.32,2
816,1.224,4.57,3.996,3.19,1.44,10
817,8.001,3.61,1.802,2.3,0.58,10
818,2.292,3.61,1.802,2.3,0.58,1
819,5.155,3.61,1.802,9.64,0.58,4
820,1.565,3.42,3.311,0.33,2.21,2
821,1.565,3.42,3.311,0.33,2.21,2
822,0.961,3.45,3.442,0.49,0.28,4
823,1.573,2.6,1.298,5.77,0.36,9
824,1.573,2.6,1.298,5.77,0.36,9
825,0.0,0.0,0,0.0,0.0,0
826,1.603,1.79,2.355,0.45,0.07,4
827,1.312,1.79,2.355,0.45,0.07,5
828,0.302,3.52,8.981,8.09,0.61,4
829,1.922,4.35,2.51,0.96,0.6,6
830,0.176,4.78,2.028,1.72,0.82,6
831,1.666,4.35,2.51,2.01,0.6,10
832,0.003,0.0,0.0,10,0.0,1
833,2.009,4.95,1.052,1.04,1.17,9
834,0.165,5.18,1.505,0.14,0.63,4
835,0.587,2.98,10,3.08,2.67,6
836,1.318,2.98,10,3.08,2.67,4
837,2.122,2.98,10,3.08,2.67,7
838,6.344,3.45,2.78,4.33,0.62,8
839,0.879,3.45,2.78,1.88,0.62,2
840,1.207,3.45,2.78,1.88,0.62,2
841,0.003,0.0,0.0,10,0.0,3
842,0.0,3.83,1.582,0.89,0.15,4
843,4.277,3.2,6.27,0.64,1.59,3
844,0.275,4.02,0.897,6.25,0.1,1
845,0.275,4.02,0.897,3.8,0.1,2
846,0.0,4.88,3.105,0.12,0.62,4
847,0.0,4.29,4.11,0.21,0.93,1
848,0.604,4.98,4.263,0.21,2.46,1
849,0.0,5.95,6.991,2.07,2.78,1
850,0.0,3.03,3.026,0.64,0.38,1
851,0.0,3.03,3.026,1.68,0.38,2
852,0.824,2.09,4.859,7.1,1.09,1
853,3.009,2.42,2.939,3.55,0.25,7
854,1.82,2.42,2.939,6.0,0.25,7
855,3.322,2.42,2.939,1.11,0.25,3
856,0.804,1.15,1.988,3.09,0.93,4
857,1.971,1.15,1.988,3.09,0.93,4
858,1.573,2.87,1.059,3.88,0.38,8
859,2.015,2.69,3.191,5.4,0.43,2
860,2.048,1.41,3.243,2.63,0.29,2
861,0.955,1.41,3.243,0.18,0.29,3
862,0.091,0.0,0.0,0.0,0.0,1
863,0.091,0.0,0.0,0.0,0.0,1
864,0.604,3.17,3.432,7.23,0.33,4
865,3.099,0.68,6.019,1.57,0.24,4
866,1.985,0.68,6.019,1.57,0.24,1
867,0.914,1.85,4.033,1.19,0.51,1
868,0.878,2.16,5.434,8.98,0.53,5
869,1.573,2.6,1.298,5.77,0.36,9
870,1.573,2.6,1.298,5.77,0.36,9
871,0.807,4.09,6.33,5.25,1.01,3
872,1.189,3.3,5.914,1.75,2.17,6
873,1.71,4.09,6.33,7.7,1.01,4
874,2.688,1.18,1.626,5.29,0.55,2
875,1.329,1.18,1.626,5.29,0.55,4
876,1.948,1.18,1.626,2.84,0.55,2
877,2.716,2.15,2.18,6.18,0.55,1
878,7.793,0.0,0.0,10,0.0,10
879,0.467,1.34,0.531,8.14,0.92,0
880,0.769,5.43,0.124,0.0,4.25,0
881,1.729,5.43,0.124,0.0,4.25,0
882,0.769,5.43,0.124,0.0,4.25,0
883,1.729,4.93,0.302,0.25,4.87,3
884,0.0,4.93,0.302,0.25,4.87,3
885,0.0,4.78,0.208,0.0,5.7,3
886,0.961,6.0,0.33,0.17,3.95,3
887,0.769,6.0,0.33,0.0,3.95,3
888,0.0,6.0,0.33,0.0,3.95,3
889,0.0,5.84,0.723,1.08,4.58,3
890,0.0,6.11,0.965,2.14,4.09,3
891,0.0,5.84,0.723,0.03,4.58,3
892,0.0,4.3,0.482,0.17,5.59,0
893,0.865,4.3,0.482,0.17,5.59,0
894,0.0,4.3,0.482,0.17,5.59,0
895,0.439,3.44,7.869,1.34,1.25,0
896,0.22,3.44,7.869,0.29,1.25,0
897,5.688,1.82,3.736,0.93,0.49,7
898,1.795,1.26,3.338,10,0.67,7
899,1.795,1.26,3.338,10,0.67,7
900,1.065,1.26,3.338,10,0.67,4
901,0.987,2.29,2.69,2.72,0.19,1
902,0.0,0.0,0,0.0,0.0,0
903,2.141,1.18,10,10,0.76,1
904,0.0,0.0,0,0.0,0.0,0
905,4.089,2.97,1.495,0.3,0.84,0
906,1.225,6.31,0.425,0.07,4.41,0
907,0.528,6.31,0.425,0.07,4.41,0
908,0.528,6.31,0.425,0.07,4.41,0
909,3.124,2.39,9.801,4.08,1.7,2
910,3.209,2.46,7.079,5.48,0.84,1
911,1.189,0.02,1.995,10,1.32,4
912,0.295,0.0,0.0,0.0,0.0,1
913,0.251,0.0,0.0,2.45,0.0,3
914,2.045,3.38,4.336,5.51,1.11,1
915,0.961,4.79,1.967,8.62,1.08,2
916,0.0,0.0,0,0.0,0.0,0
917,0.961,4.79,1.967,8.62,1.08,1
918,4.401,0.79,3.414,10,1.27,1
919,3.276,0.79,3.414,10,1.27,3
920,2.152,5.26,0.726,2.93,0.58,5
921,2.235,2.78,1.448,1.94,3.02,0
922,0.22,1.2,1.278,0.75,0.43,0
923,0.892,0.82,0.39,0.26,1.61,0
924,1.345,4.55,2.104,2.67,0.55,0
925,3.974,4.55,2.104,3.72,0.55,0
926,1.579,0.0,0.0,10,0.0,0
927,3.631,0.51,0.825,3.05,1.73,7
928,3.053,0.51,0.825,3.05,1.73,6
929,0.961,0.51,0.825,3.05,1.73,0
930,3.261,1.66,0.36,8.79,1.76,6
931,3.706,1.66,0.36,6.34,1.76,1
932,4.222,1.66,0.36,8.79,1.76,6
933,4.304,0.78,1.015,4.59,2.07,3
934,4.609,0.78,1.015,4.59,2.07,1
935,5.442,0.78,1.015,4.59,2.07,10
936,0.0,0.11,1.186,0.17,0.19,0
937,0.0,0.0,0,2.45,0.0,0
938,4.689,1.84,2.446,5.76,0.35,5
939,0.0,0.0,0,0.0,0.0,0
940,0.0,0.0,0,0.0,0.0,0
941,0.703,2.84,1.25,0.0,3.4,0
942,4.444,4.42,10,10,2.49,0
943,0.0,3.37,6.712,6.03,0.18,0
944,3.416,3.29,9.895,7.48,5.02,0
945,1.084,2.78,1.189,0.0,5.43,0
946,1.729,4.34,1.126,0.34,3.99,0
947,0.423,5.59,0.394,0.0,0.95,3
948,2.059,1.81,4.127,8.39,0.61,4
949,0.961,8.13,2.728,0.36,0.35,1
950,0.604,2.19,1.236,0.2,0.15,1
951,3.577,4.22,4.876,2.25,0.38,3
952,5.241,4.22,4.876,1.2,0.38,1
953,2.712,4.22,4.876,1.2,0.38,7
954,1.916,6.37,0.374,0.22,0.08,1
955,0.955,6.37,0.374,0.22,0.08,1
956,2.705,6.37,0.374,0.22,0.08,2
957,0.0,2.83,6.362,0.17,0.11,0
958,0.0,3.13,3.114,10,1.42,3
959,1.211,0.0,0.0,10,0.0,3
960,0.104,0.0,0.0,10,0.0,0
961,0.022,0.0,0.0,10,0.0,0
962,0.082,4.03,0.639,0.17,3.92,0
963,0.264,3.27,0.978,0.27,4.98,0
964,0.264,3.27,0.978,0.27,4.98,0
965,0.264,3.27,0.978,0.27,4.98,0
966,4.022,2.49,1.169,0.28,0.14,1
967,0.439,2.49,1.169,5.17,0.14,1
968,3.338,2.49,1.169,3.78,0.14,1
969,0.494,0.9,4.077,10,0.09,2
970,0.0,0.0,0,2.45,0.0,0
971,0.0,0.0,0,0.0,0.0,0
972,3.283,3.65,9.688,4.62,1.0,6
973,0.439,3.65,9.688,4.62,1.0,1
974,4.304,4.16,1.437,3.98,0.44,4
975,0.423,2.78,2.556,0.49,0.23,0
976,1.62,2.78,2.556,2.94,0.23,1
977,0.824,2.78,2.556,2.94,0.23,3
978,2.731,1.25,1.847,5.4,0.12,2
979,4.06,3.1,2.835,3.5,0.82,1
980,0.0,0.0,0,2.45,0.0,0
981,0.0,4.13,2.938,3.02,0.16,1
982,2.912,0.0,0.0,2.45,0.0,1
983,0.961,2.37,0.987,2.81,0.03,2
984,0.604,1.61,3.602,1.63,0.49,1
985,0.423,1.61,3.602,1.63,0.49,1
986,0.697,1.61,3.602,1.63,0.49,1
987,0.865,5.05,1.172,0.32,3.7,3
988,0.865,5.05,1.172,0.32,3.7,0
989,0.0,5.05,1.172,0.32,3.7,3
990,0.22,5.63,2.747,0.05,1.41,1
991,0.0,2.5,1.711,0.2,0.44,4
992,0.22,2.5,1.711,0.2,0.44,1
993,0.22,1.25,1.847,0.5,0.12,1
994,0.22,6.65,0.714,0.1,0.25,0
995,0.22,1.25,1.847,0.5,0.12,4
996,0.615,2.06,0.991,6.54,0.74,4
997,0.0,2.87,0.429,6.98,4.8,0
998,0.852,0.0,0.0,10,0.0,0
999,0.0,2.9,0.813,0.29,7.61,0
1000,0.0,2.9,0.813,0.29,7.61,0
1001,0.0,2.9,0.813,0.29,7.61,0
1002,0.0,4.67,0.086,0.18,6.72,0
1003,0.0,4.67,0.086,0.18,6.72,0
1004,0.0,4.67,0.086,2.62,6.72,0
1005,0.0,0.0,0,0.0,0.0,0
1006,0.0,0.0,0,4.55,0.0,0
1007,0.0,0.06,0.0,10,5.86,1
1008,1.686,2.71,1.888,9.78,2.38,1
1009,4.436,1.59,2.747,5.48,0.54,4
1010,3.042,2.71,1.888,10,2.38,0
1011,0.0,3.88,1.725,0.0,0.98,6
1012,0.275,3.88,1.725,0.0,0.98,1
1013,0.604,5.53,2.052,0.0,0.17,1
1014,1.08,1.16,1.146,10,0.64,5
1015,2.903,1.16,1.146,10,0.64,5
1016,0.972,1.16,1.146,10,0.64,4
1017,3.448,2.0,1.64,3.27,0.48,6
1018,4.101,2.0,1.64,3.27,0.48,2
1019,2.468,1.08,1.396,7.43,0.32,1
1020,4.552,0.19,1.114,2.16,0.4,0
1021,2.279,0.19,1.114,2.16,0.4,0
1022,1.949,0.19,1.114,2.16,0.4,0
1023,2.185,5.19,2.547,8.32,1.26,6
1024,0.664,5.19,2.547,2.38,1.26,3
1025,0.747,5.19,2.547,4.83,1.26,3
1026,0.439,0.0,0.099,10,5.51,0
1027,0.0,0.0,0.071,3.41,6.33,0
1028,0.0,0.0,0.0,3.18,5.45,0
1029,0.22,5.46,0.156,0.11,2.93,0
1030,0.988,5.46,0.156,0.11,2.93,0
1031,0.988,5.46,0.156,2.55,2.93,0
1032,0.0,5.9,1.403,0.7,0.06,0
1033,0.0,4.34,3.328,0.56,0.18,1
1034,0.0,5.01,2.662,1.7,0.16,2
1035,1.62,2.37,10,3.2,1.15,6
1036,1.62,2.37,10,3.2,1.15,6
1037,1.4,2.37,10,8.09,1.15,3
1038,0.865,5.52,0.175,0.12,5.29,3
1039,0.0,6.28,0.219,0.1,4.38,3
1040,0.0,6.11,0.298,0.13,4.9,0
1041,0.226,0.0,0.0,10,0.0,0
1042,1.477,3.08,2.887,1.63,0.67,6
1043,0.007,0.0,0.0,10,0.0,0
1044,3.236,0.0,0.0,2.45,0.0,0
1045,2.244,0.0,0.0,10,0.0,0
1046,0.912,0.0,0.0,10,0.0,0
1047,0.0,4.63,0.0,2.45,0.06,0
1048,0.988,4.63,0.0,0.0,0.06,0
1049,0.988,4.63,0.0,2.1,0.06,0
1050,1.114,0.0,0.0,10,0.0,0
1051,0.0,0.0,0,0.0,0.0,0
1052,0.222,0.0,0.0,10,0.0,0
1053,2.119,4.28,2.393,3.55,0.92,8
1054,6.525,4.28,2.393,6.0,0.92,7
1055,3.643,4.28,2.393,6.0,0.92,7
1056,3.053,6.84,6.258,2.42,0.94,6
1057,2.825,6.84,6.258,2.42,0.94,3
1058,2.3,6.84,6.258,4.87,0.94,6
1059,0.0,0.0,0,0.0,0.0,0
1060,0.0,0.0,0,0.0,0.0,0
1061,0.0,0.0,0,0.0,0.0,0
1062,2.834,0.99,8.853,5.71,1.07,0
1063,8.231,3.45,2.432,2.58,0.35,1
1064,3.717,4.38,10,3.82,0.37,0
1065,0.769,4.83,1.753,3.9,3.97,0
1066,0.0,4.78,0.946,8.16,4.2,0
1067,0.673,0.18,0.462,0.0,1.15,0
1068,0.892,1.48,3.222,10,0.98,0
1069,2.58,2.42,9.686,0.0,0.85,1
1070,2.313,6.83,2.085,10,0.78,6
1071,0.0,0.0,0,4.9,0.0,0
1072,2.313,6.83,2.085,10,0.78,6
1073,0.22,3.18,2.916,5.44,0.12,0
1074,2.084,3.18,2.916,4.39,0.12,0
1075,2.015,3.18,2.916,4.39,0.12,0
1076,2.641,1.51,0.818,0.6,0.08,2
1077,1.518,1.51,0.818,0.6,0.08,1
1078,6.63,1.51,0.818,0.6,0.08,7
1079,6.251,0.0,0.0,10,0.0,6
1080,5.91,0.0,0.0,10,0.0,3
1081,3.319,4.31,2.765,2.96,0.35,0
1082,0.0,5.44,1.284,2.91,3.99,5
1083,0.0,5.44,1.284,6.4,3.99,3
1084,0.0,5.44,1.284,6.4,3.99,3
1085,0.439,3.46,0.171,1.0,0.25,1
1086,1.949,3.46,0.171,1.0,0.25,1
1087,0.22,2.04,0.329,7.13,0.67,1
1088,0.45,2.11,7.672,6.3,0.3,2
1089,1.614,0.0,0.0,10,0.0,6
1090,2.406,2.84,3.824,0.77,0.28,2
1091,0.003,0.0,0.0,10,0.0,0
1092,9.511,0.0,0.0,10,0.0,1
1093,3.2,0.0,0.0,10,0.0,0
1094,0.0,0.0,0,0.0,0.0,0
1095,0.0,0.0,0,0.0,0.0,0
1096,0.0,0.0,0,0.0,0.0,0
1097,2.144,2.0,10,10,1.47,6
1098,1.051,2.0,10,10,1.47,3
1099,2.144,2.0,10,10,1.47,6
1100,3.926,1.59,1.393,5.75,0.25,6
1101,3.954,0.8,0.7,2.55,0.99,0
1102,0.148,5.26,0.726,0.48,0.58,4
1103,4.395,2.12,0.15,7.09,1.22,6
1104,4.466,2.12,0.15,7.09,1.22,3
1105,2.644,2.12,0.15,7.09,1.22,3
1106,0.0,0.0,0,0.0,0.0,0
1107,0.0,0.0,0,0.0,0.0,0
1108,0.0,0.0,0,0.0,0.0,0
1109,0.892,6.9,4.038,0.55,0.23,0
1110,4.252,6.9,4.038,0.55,0.23,0
1111,3.604,2.11,1.102,1.3,0.9,1
1112,0.0,0.0,0,4.9,0.0,0
1113,1.576,4.59,1.558,1.34,0.18,1
1114,0.0,0.0,0,0.0,0.0,0
1115,1.425,1.13,1.636,5.66,0.22,4
1116,1.425,1.13,1.636,3.21,0.22,4
1117,1.164,1.13,1.636,3.21,0.22,10
1118,4.173,1.32,3.853,3.22,0.68,6
1119,3.41,3.82,3.623,4.57,1.01,3
1120,3.47,1.16,1.177,3.02,0.34,1
1121,0.0,0.0,0,0.0,0.0,0
1122,2.825,0.72,1.675,3.03,0.96,0
1123,3.515,0.72,1.675,3.03,0.96,0
1124,0.0,1.36,0.065,3.67,8.09,0
1125,0.0,1.36,0.065,1.23,8.09,0
1126,1.757,1.36,0.065,1.23,8.09,0
1127,0.22,4.4,3.431,1.55,0.5,0
1128,0.0,4.4,3.431,1.55,0.5,3
1129,1.471,4.4,3.431,1.55,0.5,10
1130,1.296,3.7,0.977,0.7,0.63,7
1131,0.961,3.7,0.977,0.7,0.63,4
1132,0.0,3.23,2.378,0.42,0.58,3
1133,1.562,2.91,4.106,9.12,0.3,2
1134,0.0,0.0,0,0.0,0.0,0
1135,1.189,1.21,2.283,0.72,1.4,7
1136,0.247,4.7,2.171,0.22,0.38,1
1137,0.851,4.7,2.171,0.22,0.38,1
1138,1.131,5.0,2.979,1.88,1.02,9
1139,3.821,1.84,0.805,2.64,0.14,4
1140,3.44,1.84,0.805,3.69,0.14,7
1141,3.536,1.84,0.805,2.64,0.14,4
1142,3.723,2.45,3.405,3.27,0.56,6
1143,2.188,5.49,2.104,3.93,0.28,7
1144,1.982,4.29,2.832,3.77,0.87,10
1145,1.982,4.29,2.832,3.77,0.87,10
1146,0.0,5.87,1.08,10,0.21,0
1147,0.22,5.87,1.08,10,0.21,0
1148,0.22,5.87,1.08,10,0.21,0
1149,0.0,2.52,0.321,0.29,2.78,0
1150,0.865,2.52,0.321,0.29,2.78,0
1151,0.865,2.52,0.321,0.29,2.78,0
1152,0.286,4.96,4.284,0.35,0.87,3
1153,0.0,4.28,5.3,0.57,0.66,3
1154,1.688,4.28,5.3,0.57,0.66,3
1155,2.537,0.0,0.0,10,0.0,0
1156,2.699,0.0,0.0,10,0.0,0
1157,2.814,1.07,2.656,3.0,0.31,0
1158,0.571,0.0,0.796,10,0.61,0
1159,0.571,0.0,0.796,10,0.61,0
1160,0.0,0.0,0.796,10,0.61,0
1161,2.784,3.42,1.255,0.18,0.82,0
1162,0.395,3.42,1.255,0.18,0.82,0
1163,1.957,3.42,1.255,0.18,0.82,1
1164,0.0,4.06,3.259,0.08,0.91,3
1165,0.22,4.06,3.259,0.08,0.91,3
1166,0.865,4.06,3.259,0.08,0.91,0
1167,3.808,1.77,7.611,10,1.72,3
1168,2.756,1.77,7.611,10,1.72,0
1169,3.401,1.77,7.611,10,1.72,3
1170,4.093,1.77,3.215,2.17,0.22,7
1171,1.686,1.58,2.145,2.19,0.15,7
1172,2.361,2.36,4.351,3.52,0.53,1
1173,1.952,0.0,0.0,10,0.0,0
1174,2.086,0.0,0.0,10,0.0,0
1175,1.345,0.0,0.0,10,0.0,0
1176,0.22,1.2,1.278,0.75,0.43,0
1177,1.112,1.2,1.278,0.0,0.43,0
1178,2.537,1.2,1.278,4.9,0.43,0
1179,2.004,1.01,1.46,0.99,0.71,0
1180,1.576,0.63,0.575,10,1.91,0
1181,2.523,2.34,0.11,5.94,1.75,0
1182,2.144,2.0,10,10,1.47,6
1183,2.144,2.0,10,10,1.47,6
1184,1.051,2.0,10,10,1.47,3
1185,3.061,3.74,1.199,10,0.32,10
1186,0.0,0.0,0,0.0,0.0,0
1187,4.038,3.74,1.199,10,0.32,8
1188,1.565,1.51,0.616,3.97,0.18,1
1189,0.851,4.51,0.457,3.04,0.1,1
1190,0.686,2.58,0.458,0.09,0.09,0
1191,1.647,6.7,0.251,10,3.73,0
1192,0.686,3.7,2.46,0.26,0.07,1
1193,1.175,1.36,0.676,1.23,0.06,5
1194,1.784,0.0,0.0,1.05,0.0,5
1195,0.033,0.0,0.0,0.0,0.0,4
1196,0.878,3.09,2.241,0.0,0.05,2
1197,0.0,0.0,0,2.45,0.0,0
1198,0.0,0.0,0,2.45,0.0,0
1199,0.0,0.0,0,2.45,0.0,0
1200,0.22,1.26,1.259,0.0,0.25,0
1201,0.439,1.26,1.259,0.0,0.25,0
1202,0.0,1.26,1.259,0.0,0.25,0
1203,0.0,7.75,8.5,0.68,0.35,1
1204,0.0,7.75,8.5,0.68,0.35,1
1205,0.642,7.75,8.5,0.68,0.35,1
1206,1.636,5.0,3.96,0.32,1.94,10
1207,0.9,4.19,4.956,0.23,1.52,10
1208,2.158,5.0,3.96,0.32,1.94,10
1209,1.277,0.33,2.343,3.84,0.54,1
1210,0.296,0.33,2.343,3.84,0.54,7
1211,0.0,4.94,5.834,0.3,0.15,0
1212,0.604,4.49,4.288,0.87,0.35,2
1213,0.0,5.27,6.368,0.81,0.44,0
1214,3.157,4.49,4.288,3.31,0.35,1
1215,0.604,1.26,1.282,1.09,0.07,1
1216,0.22,1.26,1.282,1.09,0.07,4
1217,0.807,0.52,2.222,2.89,0.0,0
1218,3.259,1.99,0.474,6.88,0.57,5
1219,3.259,1.99,0.474,6.88,0.57,5
1220,4.304,1.99,0.474,5.83,0.57,4
1221,1.032,1.46,1.509,0.97,0.82,8
1222,2.084,0.0,0.0,2.45,0.0,2
1223,0.0,0.0,0,2.45,0.0,0
1224,0.865,4.87,0.622,0.6,1.3,3
1225,1.225,0.0,0.378,1.02,6.51,0
1226,0.0,0.0,0.0,4.9,0.0,0
1227,0.0,3.05,0.531,0.07,0.7,0
1228,0.22,1.59,0.383,0.16,1.01,0
1229,1.551,3.69,2.598,0.26,0.99,1
1230,0.0,6.13,1.104,0.22,0.4,0
1231,0.22,6.13,1.104,0.22,0.4,0
1232,0.0,6.13,1.104,0.22,0.4,0
1233,0.22,4.64,0.903,2.45,0.2,0
1234,0.0,4.64,0.903,2.45,0.2,0
1235,0.0,0.74,0.63,0.0,0.48,0
1236,0.0,2.15,1.369,4.95,0.6,0
1237,0.22,2.15,1.369,4.95,0.6,0
1238,0.0,2.15,1.369,4.95,0.6,0
1239,0.439,1.16,1.065,0.72,0.43,0
1240,0.22,1.16,1.065,0.72,0.43,0
1241,0.892,1.16,1.065,0.72,0.43,0
1242,0.736,1.08,6.181,0.93,0.99,6
1243,5.169,1.08,6.181,3.38,0.99,3
1244,4.299,1.08,6.181,0.93,0.99,6
1245,0.0,3.06,0.377,1.05,8.21,0
1246,0.22,3.06,0.377,4.9,8.21,0
1247,0.958,1.03,0.934,3.16,0.07,1
1248,1.123,1.03,0.934,4.21,0.07,0
1249,1.562,1.03,0.934,3.16,0.07,1
1250,0.966,0.0,0.0,10,0.0,0
1251,4.102,0.0,0.0,10,0.0,0
1252,2.087,0.0,0.0,10,0.0,0
1253,0.0,4.82,2.331,2.11,1.41,1
1254,0.279,0.0,0.0,10,0.0,3
1255,0.22,2.72,4.674,0.3,1.48,0
1256,0.818,4.87,5.65,1.16,0.74,6
1257,0.379,4.87,5.65,1.16,0.74,6
1258,1.131,4.87,5.65,1.16,0.74,9
1259,0.992,0.0,0.0,10,0.0,3
1260,0.772,0.0,0.0,10,0.0,3
1261,1.195,0.0,0.0,10,0.0,3
1262,0.22,0.08,1.94,0.0,0.1,0
1263,0.0,0.08,1.94,0.0,0.1,0
1264,1.208,1.28,1.388,0.06,0.27,0
1265,0.22,0.96,1.812,0.0,0.44,0
1266,0.22,0.96,1.812,0.0,0.44,0
1267,4.395,2.48,1.333,6.99,0.89,7
1268,0.0,4.06,0.495,0.17,2.43,0
1269,0.892,0.84,0.675,0.14,1.59,0
1270,0.22,0.84,0.675,0.14,1.59,0
1271,3.102,0.0,0.0,10,0.0,1
1272,1.2,0.01,2.121,6.04,2.98,6
1273,0.0,3.32,1.712,0.0,4.44,0
1274,0.604,3.95,0.398,3.87,0.3,2
1275,0.78,4.8,2.952,1.1,0.25,1
1276,0.324,1.6,3.448,1.34,0.42,4
1277,0.0,0.0,0,0.0,0.0,0
1278,0.604,5.09,0.857,10,0.79,0
1279,0.604,5.09,0.857,6.32,0.79,0
1280,0.604,5.09,0.857,6.32,0.79,0
1281,1.697,3.31,3.75,5.19,0.3,0
1282,4.315,3.31,3.75,5.19,0.3,3
1283,2.712,3.31,3.75,5.19,0.3,2
1284,0.0,4.97,0.503,4.16,4.68,0
1285,0.0,4.97,0.503,4.16,4.68,0
1286,0.0,4.97,0.503,4.16,4.68,0
1287,0.176,6.5,4.554,0.49,1.35,2
1288,0.604,6.5,4.554,0.49,1.35,1
1289,0.0,5.71,4.927,0.73,0.43,1
1290,0.456,0.0,0.0,10,0.0,0
1291,0.0,1.16,0.05,0.45,3.1,0
1292,1.465,0.0,0.0,2.45,0.0,1
1293,1.545,0.0,0.0,10,0.0,0
1294,0.002,0.0,0.0,10,0.0,0
1295,0.518,0.0,0.0,10,0.0,1
1296,0.22,1.78,4.447,0.0,0.71,0
1297,0.22,1.78,4.447,0.0,0.71,0
1298,1.123,1.78,4.447,0.0,0.71,0
1299,1.908,0.7,2.014,7.19,0.55,5
1300,4.955,0.7,2.014,4.75,0.55,10
1301,2.449,0.7,2.014,7.19,0.55,4
1302,0.0,0.0,0,0.0,0.0,0
1303,0.0,0.0,0,3.5,0.0,0
1304,1.18,1.44,0.962,1.17,1.05,0
1305,0.769,4.78,0.69,0.0,3.36,0
1306,0.769,4.78,0.69,0.0,3.36,0
1307,1.297,4.78,0.69,0.0,3.36,0
1308,2.631,2.77,1.92,0.52,1.5,2
1309,0.586,2.72,2.134,3.24,0.56,1
1310,0.586,2.72,2.134,0.79,0.56,1
1311,1.751,1.16,1.166,0.35,0.15,0
1312,3.578,1.16,1.166,2.8,0.15,0
1313,1.686,1.16,1.166,0.35,0.15,1
1314,0.0,0.0,0,0.0,0.0,0
1315,0.892,3.62,10,10,1.24,1
1316,0.0,0.0,0,0.0,0.0,0
1317,4.595,2.8,3.704,3.21,0.38,1
1318,4.595,2.8,3.704,3.21,0.38,1
1319,0.0,2.8,3.704,0.76,0.38,0
1320,4.538,2.8,3.704,3.21,0.38,1
1321,4.812,0.0,0.0,10,0.0,0
1322,5.28,0.0,0.0,10,0.0,2
1323,2.756,0.0,0.0,10,0.0,0
1324,0.0,0.0,0,0.0,0.0,0
1325,0.961,0.0,0.0,0.0,0.0,3
1326,0.0,2.82,3.79,0.16,0.57,2
1327,0.692,2.74,1.67,3.84,1.04,9
1328,0.0,0.0,0,1.05,0.0,0
1329,3.426,4.14,2.923,5.26,1.22,7
1330,0.969,2.85,3.11,6.34,0.99,7
1331,1.872,2.59,2.51,6.22,0.14,7
1332,2.166,2.59,2.51,7.61,0.14,2
1333,1.312,3.86,8.539,1.56,0.27,3
1334,0.45,3.86,8.539,1.56,0.27,2
1335,1.312,3.86,8.539,1.56,0.27,4
1336,0.439,5.0,3.96,0.32,1.94,2
1337,1.636,5.0,3.96,0.32,1.94,10
1338,0.571,4.89,4.532,0.32,0.85,10
1339,1.038,1.54,3.14,4.62,1.03,4
1340,2.218,1.54,3.14,10,1.03,6
1341,0.67,1.54,3.14,7.07,1.03,2
1342,1.038,1.22,2.109,1.91,0.22,4
1343,0.889,1.22,2.109,1.91,0.22,1
1344,0.889,1.22,2.109,1.91,0.22,1
1345,0.9,2.81,10,4.23,1.84,1
1346,0.066,2.55,10,10,0.92,0
1347,0.659,2.55,10,10,0.92,1
1348,0.0,3.4,1.004,0.91,0.23,0
1349,3.561,3.4,1.004,3.36,0.23,1
1350,0.752,3.4,1.004,0.91,0.23,3
1351,0.961,4.94,2.273,1.09,0.15,1
1352,1.861,3.75,1.632,3.82,0.17,7
1353,0.884,3.75,1.632,1.37,0.17,10
1354,0.297,2.51,3.999,0.93,0.49,7
1355,0.0,2.91,2.627,0.14,0.53,1
1356,0.0,5.62,2.305,0.11,0.11,1
1357,0.22,4.19,3.049,2.6,0.7,3
1358,0.714,4.19,3.049,2.6,0.7,1
1359,0.22,4.19,3.049,0.15,0.7,3
1360,0.516,0.96,3.2,1.43,0.22,2
1361,0.867,0.96,3.2,3.88,0.22,1
1362,2.618,0.96,3.2,1.43,0.22,1
1363,0.642,1.4,5.006,4.1,1.12,10
1364,1.515,1.15,3.028,1.45,1.57,6
1365,0.686,0.29,6.34,1.64,0.66,7
1366,0.0,2.25,2.642,0.24,0.14,2
1367,0.22,2.51,1.294,7.21,0.58,1
1368,0.999,3.94,9.736,1.5,0.2,5
1369,0.395,2.06,2.341,0.5,0.73,3
1370,0.379,3.88,1.213,3.88,0.31,2
1371,0.0,0.0,0,0.0,0.0,0
1372,1.729,4.35,0.629,0.0,2.22,3
1373,0.0,4.35,0.629,0.0,2.22,3
1374,0.423,4.35,0.629,0.0,2.22,0
1375,0.006,0.0,0.0,10,0.0,1
1376,0.006,0.0,0.0,10,0.0,0
1377,0.006,0.0,0.0,10,0.0,0
1378,0.22,5.49,1.305,0.59,1.15,1
1379,0.22,5.49,1.305,0.59,1.15,1
1380,0.0,5.49,1.305,0.59,1.15,0
1381,0.0,3.86,8.539,1.56,0.27,0
